Workbook

Sheet RENDIMIENTO RIESGO
B1: RENDIMIENTO DIARIO ESPERADO POR ACCION | I1: RIESGO DIARIO ESPERADO POR ACCION
B2: WALMART | C2: AMAZON | D2: DISNEY | E2: STARBUCKS | F2: NIKE | I2: WALMART | J2: AMAZON | K2: DISNEY | L2: STARBUCKS | M2: NIKE
B3: =AVERAGE('datos historicos'!C4:C253) -> -0.0010680803 | C3: =AVERAGE('datos historicos'!F4:F253) -> 0.0023458372 | D3: =AVERAGE('datos historicos'!I4:I253) -> 0.0016334829 | E3: =AVERAGE('datos historicos'!L4:L254) -> 0.00071415351 | F3: =AVERAGE('datos historicos'!O4:O253) -> -0.00055137603 | G3: =IF(G2="","",(AVERAGE('datos historicos'!R4:R254))) | I3: =_xlfn.STDEV.S('datos historicos'!C4:C253) -> 0.016409636 | J3: =_xlfn.STDEV.S('datos historicos'!F4:F253) -> 0.017787626 | K3: =_xlfn.STDEV.S('datos historicos'!I4:I253) -> 0.018261226 | L3: =_xlfn.STDEV.S('datos historicos'!L4:L254) -> 0.024643762 | M3: =_xlfn.STDEV.S('datos historicos'!O4:O253) -> 0.022582562 | N3: =IF(N2="","",(_xlfn.STDEV.S('datos historicos'!R4:R254)))
B5: RENDIMIENTO ANUAL ESPERADO POR ACCION | I5: RIESGO ANUAL ESPERADO POR ACCION
B6: WALMART | C6: AMAZON | D6: DISNEY | E6: STARBUCKS | F6: NIKE | I6: WALMART | J6: AMAZON | K6: DISNEY | L6: STARBUCKS | M6: NIKE
B7: =B3*COUNT('datos historicos'!C4:C253) -> -0.26702009 | C7: =C3*COUNT('datos historicos'!F4:F253) -> 0.5864593 | D7: =D3*COUNT('datos historicos'!I4:I253) -> 0.40837073 | E7: =E3*COUNT('datos historicos'!L4:L254) -> 0.17496761 | F7: =F3*COUNT('datos historicos'!O4:O253) -> -0.13618988 | G7: =IF(G10="","",(G3*COUNT('datos historicos'!R4:R254))) | I7: =I3*SQRT(COUNT('datos historicos'!C4:C253)) -> 0.25945913 | J7: =J3*SQRT(COUNT('datos historicos'!F4:F253)) -> 0.28124707 | K7: =K3*SQRT(COUNT('datos historicos'!I4:I253)) -> 0.28873533 | L7: =L3*SQRT(COUNT('datos historicos'!L4:L254)) -> 0.3857359 | M7: =M3*SQRT(COUNT('datos historicos'!O4:O253)) -> 0.35491283 | N7: =IF(N6="","",(N3*SQRT(COUNT('datos historicos'!R4:R254))))
B9: PARTICIPACIÓN DE PORTAFOLIO | K9: Riesgo Anual del Portafolio | L9: Rendimiento Anual del Portafolio
B10: WALMART | C10: AMAZON | D10: DISNEY | E10: STARBUCKS | F10: NIKE | H10: TOTAL | K10: 0.17 | L10: 0.31729723
B11: 0 | C11: 1 | D11: 0 | E11: 0 | F11: 0 | H11: =SUM(B11:G11) -> 1 | K11: 0.18 | L11: 0.36758583
K12: 0.19 | L12: 0.4102
B13: RENDIMIENTO DIARIO ESPERADO EN EL PORTAFOLIO | G13: =SUMPRODUCT(B11:G11,B3:G3) -> 0.0023458372 | K13: 0.2 | L13: 0.44825033
K14: 0.21 | L14: 0.48314312
B15: RENDIMIENTO ANUAL ESPERADO EN EL PORTAFOLIO | G15: =SUMPRODUCT(B11:G11,B7:G7) -> 0.5864593 | K15: 0.22 | L15: 0.50853414
K16: 0.23 | L16: 0.52823233
B17: MATRIZ DE COVARIANZA | K17: 0.24 | L17: 0.5444431
B18: =CONCATENATE(H19, B10) -> X1WALMART | C18: =CONCATENATE(H20, C10) -> X2AMAZON | D18: =CONCATENATE(H21, D10) -> X3DISNEY | E18: =CONCATENATE(H22, E10) -> X4STARBUCKS | F18: =CONCATENATE(H23, F10) -> X5NIKE | G18: =CONCATENATE(H24, G10) -> X6 | K18: 0.25 | L18: 0.5568444
B19: =I3^2 -> 0.00026927616 | C19: =_xlfn.COVARIANCE.S('datos historicos'!$C$4:$C$254,'datos historicos'!F4:F254) -> 2.0781423e-06 | D19: =_xlfn.COVARIANCE.S('datos historicos'!$C$4:$C$254,'datos historicos'!I4:I254) -> -2.2084343e-05 | E19: =_xlfn.COVARIANCE.S('datos historicos'!$C$4:$C$254,'datos historicos'!L4:L254) -> -4.6515404e-06 | F19: =_xlfn.COVARIANCE.S('datos historicos'!$C$4:$C$254,'datos historicos'!O4:O254) -> 5.8864885e-06 | G19: =IF(G2="","",(_xlfn.COVARIANCE.S('datos historicos'!$C$4:$C$254,'datos historicos'!R4:R254))) | H19: X1 | I19: =B11 -> 0 | K19: 0.26 | L19: 0.56735318
B20: =+C19 -> 2.0781423e-06 | C20: =J3^2 -> 0.00031639965 | D20: =_xlfn.COVARIANCE.S('datos historicos'!$F$4:$F$254,'datos historicos'!I4:I254) -> 7.5229081e-05 | E20: =_xlfn.COVARIANCE.S('datos historicos'!$F$4:$F$254,'datos historicos'!L4:L254) -> 6.658732e-06 | F20: =_xlfn.COVARIANCE.S('datos historicos'!$F$4:$F$254,'datos historicos'!O4:O254) -> 6.1349759e-05 | G20: =IF(G2="","",(_xlfn.COVARIANCE.S('datos historicos'!$F$4:$F$254,'datos historicos'!R4:R254))) | H20: X2 | I20: =C11 -> 1 | K20: 0.27 | L20: 0.57675541
B21: =D19 -> -2.2084343e-05 | C21: =D20 -> 7.5229081e-05 | D21: =K3^2 -> 0.00033347237 | E21: =_xlfn.COVARIANCE.S('datos historicos'!$I$4:$I$254,'datos historicos'!L4:L254) -> 6.2698544e-05 | F21: =_xlfn.COVARIANCE.S('datos historicos'!$I$4:$I$254,'datos historicos'!O4:O254) -> 0.00010547394 | G21: =IF(G2="","",(_xlfn.COVARIANCE.S('datos historicos'!$I$4:$I$254,'datos historicos'!R4:R254))) | H21: X3 | I21: =D11 -> 0 | K21: 0.28 | L21: 0.58541931
B22: =E19 -> -4.6515404e-06 | C22: =E20 -> 6.658732e-06 | D22: =E21 -> 6.2698544e-05 | E22: =L3^2 -> 0.00060731502 | F22: =_xlfn.COVARIANCE.S('datos historicos'!$L$4:$L$254,'datos historicos'!O4:O254) -> -9.9093131e-06 | G22: =IF(G2="","",(_xlfn.COVARIANCE.S('datos historicos'!$L$4:$L$254,'datos historicos'!R4:R254))) | H22: X4 | I22: =E11 -> 0 | K22: 0.29 | L22: 0.5864593
B23: =F19 -> 5.8864885e-06 | C23: =F20 -> 6.1349759e-05 | D23: =F21 -> 0.00010547394 | E23: =F22 -> -9.9093131e-06 | F23: =M3^2 -> 0.00050997212 | G23: =IF(G2="","",(_xlfn.COVARIANCE.S('datos historicos'!O4:O254,'datos historicos'!R4:R254))) | H23: X5 | I23: =F11 -> 0 | K23: 0.3 | L23: 0.5864593
B24: =G19 | C24: =G20 | D24: =G21 | E24: =G22 | F24: =G23 | G24: =IF(G2="","",(N3^2)) | H24: X6 | I24: =G11 -> 0 | K24: 0.31 | L24: 0.5864593
B26: Varianza del portafolio | C26: {=MMULT(MMULT(B11:F11,B19:F23),I19:I23)} -> 0.00031639965
B27: Riesgo diario esperado del portafolio | C27: =SQRT(C26) -> 0.017787626
B28: Riesgo anual esperado del portafolio | C28: =C27*SQRT(COUNT('datos historicos'!F4:F253)) -> 0.28124707

Sheet datos historicos
A2: WALMART | D2: AMAZON | G2: DISNEY | J2: STARBUCKS | M2: NIKE
A3: Fecha | B3: Cierre | C3: Rendimiento | D3: Fecha | E3: Cierre | F3: Rendimiento | G3: Fecha | H3: Cierre | I3: Rendimiento | J3: Fecha | K3: Cierre | L3: Rendimiento | M3: Fecha | N3: Cierre | O3: Rendimiento | P3: Fecha | Q3: Cierre | R3: Rendimiento
B4: 54.89 | C4: =LN(B4/B5) -> 0.015791735 | E4: 4581.97 | F4: =LN(E4/E5) -> 0.00048899223 | H4: 2309.23 | I4: =LN(H4/H5) -> 0.0077511512 | K4: 1900 | L4: =LN(K4/K5) -> 0.013245227 | N4: 1584.79 | O4: =LN(N4/N5) -> 0.022842345 | R4: =IF(Q4="","",(LN(Q4/Q5)))
B5: 54.03 | C5: =LN(B5/B6) -> -0.018157308 | E5: 4579.73 | F5: =LN(E5/E6) -> 0.0077597424 | H5: 2291.4 | I5: =LN(H5/H6) -> 0.011588226 | K5: 1875 | L5: =LN(K5/K6) -> 0.0053476063 | N5: 1549 | O5: =LN(N5/N6) -> -0.003550822 | R5: =IF(Q5="","",(LN(Q5/Q6)))
B6: 55.02 | C6: =LN(B6/B7) -> -0.016225342 | E6: 4544.33 | F6: =LN(E6/E7) -> -0.013913621 | H6: 2265 | I6: =LN(H6/H7) -> -0.0057231061 | K6: 1865 | L6: =LN(K6/K7) -> 0.0038680611 | N6: 1554.51 | O6: =LN(N6/N7) -> -0.0017674833 | R6: =IF(Q6="","",(LN(Q6/Q7)))
B7: 55.92 | C7: =LN(B7/B8) -> -0.0046387238 | E7: 4608 | F7: =LN(E7/E8) -> 0.00021703744 | H7: 2278 | I7: =LN(H7/H8) -> 0.0035180335 | K7: 1857.8 | L7: =LN(K7/K8) -> 0.029941048 | N7: 1557.26 | O7: =LN(N7/N8) -> 0.0077809866 | R7: =IF(Q7="","",(LN(Q7/Q8)))
B8: 56.18 | C8: =LN(B8/B9) -> -0.0021337135 | E8: 4607 | F8: =LN(E8/E9) -> 0.011588485 | H8: 2270 | I8: =LN(H8/H9) -> 0.0087029594 | K8: 1803 | L8: =LN(K8/K9) -> 0.029933304 | N8: 1545.19 | O8: =LN(N8/N9) -> 0.0014118259 | R8: =IF(Q8="","",(LN(Q8/Q9)))
B9: 56.3 | C9: =LN(B9/B10) -> -0.018652661 | E9: 4553.92 | F9: =LN(E9/E10) -> 0.012953769 | H9: 2250.33 | I9: =LN(H9/H10) -> 0.0038200613 | K9: 1749.83 | L9: =LN(K9/K10) -> -0.00066841294 | N9: 1543.01 | O9: =LN(N9/N10) -> 0.0028036492 | R9: =IF(Q9="","",(LN(Q9/Q10)))
B10: 57.36 | C10: =LN(B10/B11) -> -0.011612922 | E10: 4495.31 | F10: =LN(E10/E11) -> -0.01333359 | H10: 2241.75 | I10: =LN(H10/H11) -> -0.011641575 | K10: 1751 | L10: =LN(K10/K11) -> -0.03867692 | N10: 1538.69 | O10: =LN(N10/N11) -> -0.018837629 | R10: =IF(Q10="","",(LN(Q10/Q11)))
B11: 58.03 | C11: =LN(B11/B12) -> -0.0051564226 | E11: 4555.65 | F11: =LN(E11/E12) -> 0.0098803982 | H11: 2268 | I11: =LN(H11/H12) -> -0.0021757618 | K11: 1820.05 | L11: =LN(K11/K12) -> -0.016110833 | N11: 1567.95 | O11: =LN(N11/N12) -> -0.0064082 | R11: =IF(Q11="","",(LN(Q11/Q12)))
B12: 58.33 | C12: =LN(B12/B13) -> 0.015201536 | E12: 4510.86 | F12: =LN(E12/E13) -> -0.035013803 | H12: 2272.94 | I12: =LN(H12/H13) -> -0.0024387952 | K12: 1849.61 | L12: =LN(K12/K13) -> -0.0090152038 | N12: 1578.03 | O12: =LN(N12/N13) -> 0.0024872005 | R12: =IF(Q12="","",(LN(Q12/Q13)))
B13: 57.45 | C13: =LN(B13/B14) -> -0.038584506 | E13: 4671.6 | F13: =LN(E13/E14) -> -0.0033102954 | H13: 2278.49 | I13: =LN(H13/H14) -> 0.009476445 | K13: 1866.36 | L13: =LN(K13/K14) -> -0.0075476891 | N13: 1574.11 | O13: =LN(N13/N14) -> 0.0087542432 | R13: =IF(Q13="","",(LN(Q13/Q14)))
B14: 59.71 | C14: =LN(B14/B15) -> -0.027910325 | E14: 4687.09 | F14: =LN(E14/E15) -> 0.022488663 | H14: 2257 | I14: =LN(H14/H15) -> -0.011891794 | K14: 1880.5 | L14: =LN(K14/K15) -> -0.043139965 | N14: 1560.39 | O14: =LN(N14/N15) -> 0.0034602444 | R14: =IF(Q14="","",(LN(Q14/Q15)))
B15: 61.4 | C15: =LN(B15/B16) -> 0.072605718 | E15: 4582.86 | F15: =LN(E15/E16) -> -0.0096675758 | H15: 2284 | I15: =LN(H15/H16) -> -0.0085795525 | K15: 1963.4 | L15: =LN(K15/K16) -> -0.014461495 | N15: 1555 | O15: =LN(N15/N16) -> -0.016582013 | R15: =IF(Q15="","",(LN(Q15/Q16)))
... B248: 69.59 | C248: =LN(B248/B249) -> 0.027977929 | E248: 2605.07 | F248: =LN(E248/E249) -> 0.015130766 | H248: 1519.4 | I248: =LN(H248/H249) -> -0.0038034724 | K248: 1589 | L248: =LN(K248/K249) -> -0.0037813878 | N248: 1727.02 | O248: =LN(N248/N249) -> -0.013978119 | R248: =IF(Q248="","",(LN(Q248/Q249)))
B249: 67.67 | C249: =LN(B249/B250) -> -0.035850294 | E249: 2565.95 | F249: =LN(E249/E250) -> 0.022093837 | H249: 1525.19 | I249: =LN(H249/H250) -> -0.0044746609 | K249: 1595.02 | N249: 1751.33 | O249: =LN(N249/N250) -> -0.015304846 | R249: =IF(Q249="","",(LN(Q249/Q250)))
B250: 70.14 | C250: =LN(B250/B251) -> 0.0074413623 | E250: 2509.88 | F250: =LN(E250/E251) -> 0.02553155 | H250: 1532.03 | I250: =LN(H250/H251) -> 0.0010253096 | N250: 1778.34 | O250: =LN(N250/N251) -> -0.020961442 | R250: =IF(Q250="","",(LN(Q250/Q251)))
B251: 69.62 | C251: =LN(B251/B252) -> -0.0051576046 | E251: 2446.61 | F251: =LN(E251/E252) -> -0.0065021271 | H251: 1530.46 | I251: =LN(H251/H252) -> -0.0069086365 | N251: 1816.01 | R251: =IF(Q251="","",(LN(Q251/Q252)))
B252: 69.98 | C252: =LN(B252/B253) -> 0.0014300017 | E252: 2462.57 | F252: =LN(E252/E253) -> -0.029906827 | H252: 1541.07 | I252: =LN(H252/H253) -> -0.021155876 | R252: =IF(Q252="","",(LN(Q252/Q253)))
B253: 69.88 | C253: =LN(B253/B254) -> -0.025571783 | E253: 2537.33 | F253: =LN(E253/E254) -> -0.004557393 | H253: 1574.02 | I253: =LN(H253/H254) -> 0.025089446 | R253: =IF(Q253="","",(LN(Q253/Q254)))
B254: 71.69 | E254: 2548.92 | H254: 1535.02 | R254: =IF(Q254="","",(LN(Q254/Q255)))
